11918,5c8df94d4aa7a7a541cac4ce,ascendance-of-a-bookworm
7990,5c8dfa84a72a659641fb0110,ascendance-of-a-bookworm-volume-1-part-2
11460,5c990895483da0f204567935,ascendance-of-a-bookworm-volume-1-part-3
10297,5c99097200e9aa425866d59e,ascendance-of-a-bookworm-volume-1-part-4
9829,5ca332c2718aede3047a68c4,ascendance-of-a-bookworm-volume-1-part-5
8081,5cab6f878f6a254f48cbf6eb,ascendance-of-a-bookworm-volume-1-part-6
14204,5cb62af718bf8ced76bc544f,ascendance-of-a-bookworm-volume-1-part-7
9957,5cbe8990d668338d4f008bb0,ascendance-of-a-bookworm-volume-1-part-8
12249,5cd4c852aa10ee434f3fd7aa,ascendance-of-a-bookworm-volume-2-part-1
12410,5cdb8260b7ba145b7e35440b,ascendance-of-a-bookworm-part-1-volume-2-part-2
13813,5ce3b39e574d418121635c2e,ascendance-of-a-bookworm-part-1-volume-2-part-3
11416,5cede5c8b79319cc5e40e869,ascendance-of-a-bookworm-part-1-volume-2-part-4
13281,5cf76937748a4d2570f360d1,ascendance-of-a-bookworm-part-1-volume-2-part-5
12508,5cff310f685271d03ecfc518,ascendance-of-a-bookworm-part-1-volume-2-part-6
9183,5d087108e0fc1edb67470241,ascendance-of-a-bookworm-part-1-volume-2-part-7
8757,5d09ac2a02a332637b9c317e,ascendance-of-a-bookworm-part-1-volume-2-part-8
11447,5d1b15cafb3ec7d45153eef6,ascendance-of-a-bookworm-part-1-volume-3-part-1
15866,5d25a0ff476f01053d434182,ascendance-of-a-bookworm-part-1-volume-3-part-2
10537,5d301fa3c80a0793744ae711,ascendance-of-a-bookworm-part-1-volume-3-part-3
16318,5d3676c2549d295c254e2f14,ascendance-of-a-bookworm-part-1-volume-3-part-4
16259,5d412c464b21937479c15c79,ascendance-of-a-bookworm-part-1-volume-3-part-5
15243,5d4b91bcec2bab7c0fe29ec9,ascendance-of-a-bookworm-part-1-volume-3-part-6
16105,5d54ca071998458d6cec187f,ascendance-of-a-bookworm-part-1-volume-3-part-7
17099,5d5e190a7789f4c305a9ec3c,ascendance-of-a-bookworm-part-1-volume-3-part-8
13612,5d85d4047b727ef83279da41,ascendance-of-a-bookworm-part-2-volume-1-part-1
10551,5d85e4d483db23ac6272d51e,ascendance-of-a-bookworm-part-2-volume-1-part-2
11682,5d85f0bdde3f68e918204a96,ascendance-of-a-bookworm-part-2-volume-1-part-3
10606,5d8d90e3f9f765426fb88abe,ascendance-of-a-bookworm-part-2-volume-1-part-4
19158,5d9816c00c3caf98505092a7,ascendance-of-a-bookworm-part-2-volume-1-part-5
14897,5da16dd86aee7ccb2edbd012,ascendance-of-a-bookworm-part-2-volume-1-part-6
14268,5daa973857dd50cf6ef17646,ascendance-of-a-bookworm-part-2-volume-1-part-7
8703,5dae6369c1bb4f22556ddcac,ascendance-of-a-bookworm-part-2-volume-1-part-8
10283,5db78fd7fa8881cf21afc34f,ascendance-of-a-bookworm-part-2-volume-2-part-1
11664,5dc28781986a6cef5fc9c92a,ascendance-of-a-bookworm-part-2-volume-2-part-2
10574,5dcf760a0858aa23303c8385,ascendance-of-a-bookworm-part-2-volume-2-part-3
10101,5dd8b58750b9f20e5834a1a2,ascendance-of-a-bookworm-part-2-volume-2-part-4
11297,5de1eebc18796ac1430007b1,ascendance-of-a-bookworm-part-2-volume-2-part-5
11990,5dec7630dcb7ce2149817467,ascendance-of-a-bookworm-part-2-volume-2-part-6
11641,5df43c1a84a7f61a0d12dd9a,ascendance-of-a-bookworm-part-2-volume-2-part-7
10403,5dfdb18d7f0c1f7c29c095c1,ascendance-of-a-bookworm-part-2-volume-2-part-8
12214,5e06ee1daf3ff5cc3035b7bd,ascendance-of-a-bookworm-part-2-volume-2-part-9
7938,5e06f102887a86875af04099,ascendance-of-a-bookworm-part-2-volume-2-part-10
9417,5e24c5e26de84356716f8e4e,ascendance-of-a-bookworm-part-2-volume-3-part-1
12049,5e2f712c7f1a80cb37dc0ee2,ascendance-of-a-bookworm-part-2-volume-3-part-2
8986,5e389f72af6b7553185b9e27,ascendance-of-a-bookworm-part-2-volume-3-part-3
7316,5e41beeb67622b555077a03a,ascendance-of-a-bookworm-part-2-volume-3-part-4
11182,5e4b24e64207e2ea04702bef,ascendance-of-a-bookworm-part-2-volume-3-part-5
8177,5e5452f9c43545cc55940734,ascendance-of-a-bookworm-part-2-volume-3-part-6
7982,5e5d9114425c68182fe549f8,ascendance-of-a-bookworm-part-2-volume-3-part-7
7903,5e66b08bf67669a56b788920,ascendance-of-a-bookworm-part-2-volume-3-part-8
10844,5e6ff20ad1f550af6501bcc0,ascendance-of-a-bookworm-part-2-volume-3-part-9
10773,5e792cbec45d53572e6c4e3d,ascendance-of-a-bookworm-part-2-volume-3-part-10
9478,5e82405ced22e58503650d8c,ascendance-of-a-bookworm-part-2-volume-4-part-1
11703,5e8baa2044f12b8755a10976,ascendance-of-a-bookworm-part-2-volume-4-part-2
11027,5e94e9ceda9f39a745b71b1d,ascendance-of-a-bookworm-part-2-volume-4-part-3
10953,5e9e2083d9dccbb8631a3b63,ascendance-of-a-bookworm-part-2-volume-4-part-4
11733,5ea75661112785ce74c259f2,ascendance-of-a-bookworm-part-2-volume-4-part-5
12219,5eb08d172c66bf3919d54d59,ascendance-of-a-bookworm-part-2-volume-4-part-6
11361,5eb9ce58aae7d4cb1907e457,ascendance-of-a-bookworm-part-2-volume-4-part-7
13805,5ec302c15d6016331fbbcd21,ascendance-of-a-bookworm-part-2-volume-4-part-8
13259,5ecc165b692c192c2a8210ea,ascendance-of-a-bookworm-part-3-volume-1-part-1
12813,5ed57f4573b400b13ab93087,ascendance-of-a-bookworm-part-3-volume-1-part-2
12122,5edeb0cb33f168a91e3c9dd8,ascendance-of-a-bookworm-part-3-volume-1-part-3
15232,5ee7e8316867095b4d1d1529,ascendance-of-a-bookworm-part-3-volume-1-part-4
13667,5ef125c611c780fd7d8cd25f,ascendance-of-a-bookworm-part-3-volume-1-part-5
11229,5efa5d452dca75a77e7f9769,ascendance-of-a-bookworm-part-3-volume-1-part-6
13322,5f03a677ae305ee460017b20,ascendance-of-a-bookworm-part-3-volume-1-part-7
10587,5f0ce0a40c8d694f76e880f7,ascendance-of-a-bookworm-part-3-volume-1-part-8
10741,5f160afe9b74ee840becc940,ascendance-of-a-bookworm-part-3-volume-2-part-1
7309,5f1f2011362dc8fc7f95ea48,ascendance-of-a-bookworm-part-3-volume-2-part-2
8221,5f28876b286ff3f80e4963dd,ascendance-of-a-bookworm-part-3-volume-2-part-3
8286,5f31c56f6e1442f45db11d9f,ascendance-of-a-bookworm-part-3-volume-2-part-4
13236,5f3aeee6b9bd94975d9df69f,ascendance-of-a-bookworm-part-3-volume-2-part-5
11029,5f44338844c49528686d0cbc,ascendance-of-a-bookworm-part-3-volume-2-part-6
8002,5f4d74163ad19df22c377a1d,ascendance-of-a-bookworm-part-3-volume-2-part-7
11742,5f56b64c61ac2f1c538f2b8d,ascendance-of-a-bookworm-part-3-volume-2-part-8
9713,5f5fed65b6f45e3e521e11ba,ascendance-of-a-bookworm-part-3-volume-2-part-9
9253,5f691fdda9488dcf521bd7b0,ascendance-of-a-bookworm-part-3-volume-2-part-10
9185,5f7265aa5b867e473d9ba0e0,ascendance-of-a-bookworm-part-3-volume-3-part-1
8616,5f7b94865b867e473d9baf09,ascendance-of-a-bookworm-part-3-volume-3-part-2
11989,5f84707d656e2c8c29a2c153,ascendance-of-a-bookworm-part-3-volume-3-part-3
7956,5f8da5f8656e2c8c29a2dd1e,ascendance-of-a-bookworm-part-3-volume-3-part-4
8933,5f96ee39aa486aca29349899,ascendance-of-a-bookworm-part-3-volume-3-part-5
11224,5fa029e9656e2c8c29a2f74b,ascendance-of-a-bookworm-part-3-volume-3-part-6
7301,5fa9691fde726f4f1609cee0,ascendance-of-a-bookworm-part-3-volume-3-part-7
8305,5fb2a50586d80dab5e7a2a60,ascendance-of-a-bookworm-part-3-volume-3-part-8
9987,5fbbdebfc01e6c1f3bf71cce,ascendance-of-a-bookworm-part-3-volume-3-part-9
13296,5fc521f40a28683a67aed91e,ascendance-of-a-bookworm-part-3-volume-3-part-10
8489,5fce537e7dc4bfac3ff4a7a9,ascendance-of-a-bookworm-part-3-volume-4-part-1
7742,5fd7ae5b337a9a81602c713e,ascendance-of-a-bookworm-part-3-volume-4-part-2
9009,5fe0fe48e4c6e2c53d070635,ascendance-of-a-bookworm-part-3-volume-4-part-3
8922,5fea6764abcf5b91121f2b87,ascendance-of-a-bookworm-part-3-volume-4-part-4
11624,5ff39f040cfe786c3e0e9ef5,ascendance-of-a-bookworm-part-3-volume-4-part-5
11499,5ffce4102a2cd9c012d4d7f6,ascendance-of-a-bookworm-part-3-volume-4-part-6
7722,6005a5053371818212ef2b53,ascendance-of-a-bookworm-part-3-volume-4-part-7
7859,600e8c123371818212ef3853,ascendance-of-a-bookworm-part-3-volume-4-part-8
11830,60180f16854d6e1858528733,ascendance-of-a-bookworm-part-3-volume-4-part-9
12304,6021c476854d6e1858529593,ascendance-of-a-bookworm-part-3-volume-4-part-10
9161,602adb3e5946adf916d19b4a,ascendance-of-a-bookworm-part-3-volume-5-part-1
12212,60342b49aae6d8c01321ae85,ascendance-of-a-bookworm-part-3-volume-5-part-2
12155,603d389278a208f017a0cdab,ascendance-of-a-bookworm-part-3-volume-5-part-3
11538,6046a5553e352539174b28b4,ascendance-of-a-bookworm-part-3-volume-5-part-4
12740,604fd42044a38a1053cd7afa,ascendance-of-a-bookworm-part-3-volume-5-part-5
14402,605911952fcc537d4eb1f6bc,ascendance-of-a-bookworm-part-3-volume-5-part-6
16583,60624791472af10d3402b28b,ascendance-of-a-bookworm-part-3-volume-5-part-7
12126,606b83f61baac463357a2e41,ascendance-of-a-bookworm-part-3-volume-5-part-8
14381,6074c2baaa7a8d9811bbc31b,ascendance-of-a-bookworm-part-4-volume-1-part-1
15432,607e09521050bfad4fa7c367,ascendance-of-a-bookworm-part-4-volume-1-part-2
13605,608731d7047083f7065a6dfb,ascendance-of-a-bookworm-part-4-volume-1-part-3
13327,6090768b0c0ab73c07ed1f54,ascendance-of-a-bookworm-part-4-volume-1-part-4
12963,609971a575c7bd961292737f,ascendance-of-a-bookworm-part-4-volume-1-part-5
12164,60a2e6d7801c2f5f132ff693,ascendance-of-a-bookworm-part-4-volume-1-part-6
11787,60ac0e98898b31a512d2c187,ascendance-of-a-bookworm-part-4-volume-1-part-7
15833,60b5377c801c2f5f1330004b,ascendance-of-a-bookworm-part-4-volume-1-part-8
14537,60be7c7ca44cf7a920524935,ascendance-of-a-bookworm-part-4-volume-2-part-1
12847,60c7b91689297a8955e8ce92,ascendance-of-a-bookworm-part-4-volume-2-part-2
9204,60d0f42270c32a0d55e42688,ascendance-of-a-bookworm-part-4-volume-2-part-3
12784,60da317495f7cf9855677da3,ascendance-of-a-bookworm-part-4-volume-2-part-4
12590,60e31a06420f9fe46101f31c,ascendance-of-a-bookworm-part-4-volume-2-part-5
12586,60eca8bfd6a25ac661fd3f10,ascendance-of-a-bookworm-part-4-volume-2-part-6
13882,60f5e550a28ab0046205117e,ascendance-of-a-bookworm-part-4-volume-2-part-7
11579,60ff1f17b58b16fb55a34d2e,ascendance-of-a-bookworm-part-4-volume-2-part-8
12480,61117f38f77905f1270a9997,ascendance-of-a-bookworm-part-4-volume-3-part-1
14639,611acb3e633055b32741f339,ascendance-of-a-bookworm-part-4-volume-3-part-2
14006,6123f98214920d2827a37bed,ascendance-of-a-bookworm-part-4-volume-3-part-3
11432,612d295e633055b32741fe2a,ascendance-of-a-bookworm-part-4-volume-3-part-4
13777,6136603382ab38562789617c,ascendance-of-a-bookworm-part-4-volume-3-part-5
9109,613f9898c0b4bf3c0d5387e0,ascendance-of-a-bookworm-part-4-volume-3-part-6
11832,6148dc3980f0305a269bf696,ascendance-of-a-bookworm-part-4-volume-3-part-7
14250,6148dd67428701c726cb6f13,ascendance-of-a-bookworm-part-4-volume-3-part-8
12646,615b62b2033d66806f7e7aaf,ascendance-of-a-bookworm-part-4-volume-4-part-1
12295,6164911e80f0305a269c06e2,ascendance-of-a-bookworm-part-4-volume-4-part-2
13701,616dc9cf7085d07926026cea,ascendance-of-a-bookworm-part-4-volume-4-part-3
10126,616dd79e80f0305a269c0c11,ascendance-of-a-bookworm-part-4-volume-4-part-4
10550,617716cf7bea2c8f6bcbcab5,ascendance-of-a-bookworm-part-4-volume-4-part-5
9081,61804d1a428701c726cb8e35,ascendance-of-a-bookworm-part-4-volume-4-part-6
12478,6192cab8033d66806f7e9824,ascendance-of-a-bookworm-part-4-volume-4-part-7
12810,6192cb92033d66806f7e9825,ascendance-of-a-bookworm-part-4-volume-4-part-8
12267,61a53cbd16a9e85e71a19e7b,ascendance-of-a-bookworm-part-4-volume-5-part-1
11735,61ae834262d7eebf7f039201,ascendance-of-a-bookworm-part-4-volume-5-part-2
12765,61b78413bccf2f537fcefeb2,ascendance-of-a-bookworm-part-4-volume-5-part-3
12578,61c0f73f1ebc15a07fc2c85b,ascendance-of-a-bookworm-part-4-volume-5-part-4
13303,61c9f2f11ebc15a07fc2cbee,ascendance-of-a-bookworm-part-4-volume-5-part-5
11535,61d3733fbccf2f537fcf09e0,ascendance-of-a-bookworm-part-4-volume-5-part-6
11710,61dc80b7c5894166128e9060,ascendance-of-a-bookworm-part-4-volume-5-part-7
9500,61dcbece93e1a3e2123d1096,ascendance-of-a-bookworm-part-4-volume-5-part-8
10818,61f851a9835b83111312569b,ascendance-of-a-bookworm-part-4-volume-6-part-1
11215,62018c76835b8311131257fc,ascendance-of-a-bookworm-part-4-volume-6-part-2
11498,620ac42a835b831113125910,ascendance-of-a-bookworm-part-4-volume-6-part-3
14368,6213ecec835b831113125a9c,ascendance-of-a-bookworm-part-4-volume-6-part-4
11368,621d4293835b831113125c0e,ascendance-of-a-bookworm-part-4-volume-6-part-5
10307,6226545a087fc53812d49971,ascendance-of-a-bookworm-part-4-volume-6-part-6
10475,622654f7c5894166128e9ca9,ascendance-of-a-bookworm-part-4-volume-6-part-7
13191,622655679b13e2a4128a2bdf,ascendance-of-a-bookworm-part-4-volume-6-part-8
13181,6242171fc20f11a6692bdfa1,ascendance-of-a-bookworm-part-4-volume-7-part-1
9971,624b56ff138a797769e1baf7,ascendance-of-a-bookworm-part-4-volume-7-part-2
12482,625484e4b2b223f8128679ef,ascendance-of-a-bookworm-part-4-volume-7-part-3
12219,625dba29138a797769e1bc0c,ascendance-of-a-bookworm-part-4-volume-7-part-4
14898,62670278ff0de52411e44bd0,ascendance-of-a-bookworm-part-4-volume-7-part-5
11152,62702651bf20ee1f65b4c22e,ascendance-of-a-bookworm-part-4-volume-7-part-6
11950,627028c1d6591596657ce15b,ascendance-of-a-bookworm-part-4-volume-7-part-7
12208,6270298d6398288765d91c0c,ascendance-of-a-bookworm-part-4-volume-7-part-8
8940,628b3ba3e9613c820f80df92,ascendance-of-a-bookworm-part-4-volume-8-part-1
9630,629524cec19fc449447e52ba,ascendance-of-a-bookworm-part-4-volume-8-part-2
12354,629e648f3e902a0f7bc68960,ascendance-of-a-bookworm-part-4-volume-8-part-3
10955,62a78ae2d440cc5d411b4f67,ascendance-of-a-bookworm-part-4-volume-8-part-4
14737,62b095f93e902a0f7bc68a5f,ascendance-of-a-bookworm-part-4-volume-8-part-5
10886,62ba0e42c19fc449447e5524,ascendance-of-a-bookworm-part-4-volume-8-part-6
11317,62ba0e44cbbd90be7aca1380,ascendance-of-a-bookworm-part-4-volume-8-part-7
10040,62bb698fd440cc5d411b50b1,ascendance-of-a-bookworm-part-4-volume-8-part-8
10397,62d599c27d8cd29c54d665d5,ascendance-of-a-bookworm-part-4-volume-9-part-1
11609,62def2b5de7f5911540ea23e,ascendance-of-a-bookworm-part-4-volume-9-part-2
11124,62e792b17d8cd29c54d666b6,ascendance-of-a-bookworm-part-4-volume-9-part-3
11335,62f16bb8a9f787ca5446a1b8,ascendance-of-a-bookworm-part-4-volume-9-part-4
11183,62fa9d2e3690f46d54265b03,ascendance-of-a-bookworm-part-4-volume-9-part-5
11462,6303e3df95d05f661f46ae31,ascendance-of-a-bookworm-part-4-volume-9-part-6
13387,6303e45cbfd3ac0620743003,ascendance-of-a-bookworm-part-4-volume-9-part-7
12935,6303e4666164ffe71fb3039c,ascendance-of-a-bookworm-part-4-volume-9-part-8
12512,631f9aed59b60299586f0b29,ascendance-of-a-bookworm-part-5-volume-1-part-1
11723,6328d459853da3577cbdd6f9,ascendance-of-a-bookworm-part-5-volume-1-part-2
11723,6331af2e6d287a7b7268489d,ascendance-of-a-bookworm-part-5-volume-1-part-3
11852,633b2f6c95d05f661f46b179,ascendance-of-a-bookworm-part-5-volume-1-part-4
11550,63443bda3b3c7e893a05596b,ascendance-of-a-bookworm-part-5-volume-1-part-5
15426,634dbab44f712abf7c52d3a0,ascendance-of-a-bookworm-part-5-volume-1-part-6
13668,634dbb87a25e943074d2ede9,ascendance-of-a-bookworm-part-5-volume-1-part-7
14863,634dbbabb2895e4e5862a45e,ascendance-of-a-bookworm-part-5-volume-1-part-8
9556,636942940f70ce58739b2844,ascendance-of-a-bookworm-part-5-volume-2-part-1
11112,63729a99563cdce739e17427,ascendance-of-a-bookworm-part-5-volume-2-part-2
15868,637b9c13449c28d01bb4b4cd,ascendance-of-a-bookworm-part-5-volume-2-part-3
12488,6384ed590517e1e171e6c551,ascendance-of-a-bookworm-part-5-volume-2-part-4
12686,638e67708fc63f8c3f1a524a,ascendance-of-a-bookworm-part-5-volume-2-part-5
13031,6397050a75e261ab0f505a6b,ascendance-of-a-bookworm-part-5-volume-2-part-6
